Workbook

Sheet Painel
A1: AMS — Ocupação das próximas 8 semanas
A2: Atualizar todas as segundas-feiras na folha «Obras». Horas = horas de trabalho da equipa nessa semana.
A4: Semana | B4: Início | C4: Ausências (dias-pessoa) | D4: Capacidade (h) | E4: Confirmado B2C (h) | F4: Confirmado B2B (h) | G4: Ocupação | H4: Propostas abertas (h) | I4: Horas livres | J4: Decisão de marketing
A5: KW44 | B5: 46321 | C5: 0 | D5: =Configuração!$B$3*Configuração!$B$4-C5*Configuração!$B$5 | E5: =SUMIFS(Obras!E:E,Obras!$C:$C,"B2C",Obras!$D:$D,"Confirmada") | F5: =SUMIFS(Obras!E:E,Obras!$C:$C,"B2B",Obras!$D:$D,"Confirmada") | G5: =IF(D5=0,0,(E5+F5)/D5) | H5: =SUMIFS(Obras!E:E,Obras!$D:$D,"Proposta") | I5: =D5-E5-F5 | J5: =IF(G5<Configuração!$B$6,"ACELERAR campanhas residenciais",IF(G5>Configuração!$B$7,"CHEIO — travar B2C, proteger B2B","Manter ritmo"))
A6: KW45 | B6: 46328 | C6: 0 | D6: =Configuração!$B$3*Configuração!$B$4-C6*Configuração!$B$5 | E6: =SUMIFS(Obras!F:F,Obras!$C:$C,"B2C",Obras!$D:$D,"Confirmada") | F6: =SUMIFS(Obras!F:F,Obras!$C:$C,"B2B",Obras!$D:$D,"Confirmada") | G6: =IF(D6=0,0,(E6+F6)/D6) | H6: =SUMIFS(Obras!F:F,Obras!$D:$D,"Proposta") | I6: =D6-E6-F6 | J6: =IF(G6<Configuração!$B$6,"ACELERAR campanhas residenciais",IF(G6>Configuração!$B$7,"CHEIO — travar B2C, proteger B2B","Manter ritmo"))
A7: KW46 | B7: 46335 | C7: 0 | D7: =Configuração!$B$3*Configuração!$B$4-C7*Configuração!$B$5 | E7: =SUMIFS(Obras!G:G,Obras!$C:$C,"B2C",Obras!$D:$D,"Confirmada") | F7: =SUMIFS(Obras!G:G,Obras!$C:$C,"B2B",Obras!$D:$D,"Confirmada") | G7: =IF(D7=0,0,(E7+F7)/D7) | H7: =SUMIFS(Obras!G:G,Obras!$D:$D,"Proposta") | I7: =D7-E7-F7 | J7: =IF(G7<Configuração!$B$6,"ACELERAR campanhas residenciais",IF(G7>Configuração!$B$7,"CHEIO — travar B2C, proteger B2B","Manter ritmo"))
A8: KW47 | B8: 46342 | C8: 0 | D8: =Configuração!$B$3*Configuração!$B$4-C8*Configuração!$B$5 | E8: =SUMIFS(Obras!H:H,Obras!$C:$C,"B2C",Obras!$D:$D,"Confirmada") | F8: =SUMIFS(Obras!H:H,Obras!$C:$C,"B2B",Obras!$D:$D,"Confirmada") | G8: =IF(D8=0,0,(E8+F8)/D8) | H8: =SUMIFS(Obras!H:H,Obras!$D:$D,"Proposta") | I8: =D8-E8-F8 | J8: =IF(G8<Configuração!$B$6,"ACELERAR campanhas residenciais",IF(G8>Configuração!$B$7,"CHEIO — travar B2C, proteger B2B","Manter ritmo"))
A9: KW48 | B9: 46349 | C9: 0 | D9: =Configuração!$B$3*Configuração!$B$4-C9*Configuração!$B$5 | E9: =SUMIFS(Obras!I:I,Obras!$C:$C,"B2C",Obras!$D:$D,"Confirmada") | F9: =SUMIFS(Obras!I:I,Obras!$C:$C,"B2B",Obras!$D:$D,"Confirmada") | G9: =IF(D9=0,0,(E9+F9)/D9) | H9: =SUMIFS(Obras!I:I,Obras!$D:$D,"Proposta") | I9: =D9-E9-F9 | J9: =IF(G9<Configuração!$B$6,"ACELERAR campanhas residenciais",IF(G9>Configuração!$B$7,"CHEIO — travar B2C, proteger B2B","Manter ritmo"))
A10: KW49 | B10: 46356 | C10: 0 | D10: =Configuração!$B$3*Configuração!$B$4-C10*Configuração!$B$5 | E10: =SUMIFS(Obras!J:J,Obras!$C:$C,"B2C",Obras!$D:$D,"Confirmada") | F10: =SUMIFS(Obras!J:J,Obras!$C:$C,"B2B",Obras!$D:$D,"Confirmada") | G10: =IF(D10=0,0,(E10+F10)/D10) | H10: =SUMIFS(Obras!J:J,Obras!$D:$D,"Proposta") | I10: =D10-E10-F10 | J10: =IF(G10<Configuração!$B$6,"ACELERAR campanhas residenciais",IF(G10>Configuração!$B$7,"CHEIO — travar B2C, proteger B2B","Manter ritmo"))
A11: KW50 | B11: 46363 | C11: 0 | D11: =Configuração!$B$3*Configuração!$B$4-C11*Configuração!$B$5 | E11: =SUMIFS(Obras!K:K,Obras!$C:$C,"B2C",Obras!$D:$D,"Confirmada") | F11: =SUMIFS(Obras!K:K,Obras!$C:$C,"B2B",Obras!$D:$D,"Confirmada") | G11: =IF(D11=0,0,(E11+F11)/D11) | H11: =SUMIFS(Obras!K:K,Obras!$D:$D,"Proposta") | I11: =D11-E11-F11 | J11: =IF(G11<Configuração!$B$6,"ACELERAR campanhas residenciais",IF(G11>Configuração!$B$7,"CHEIO — travar B2C, proteger B2B","Manter ritmo"))
A12: KW51 | B12: 46370 | C12: 0 | D12: =Configuração!$B$3*Configuração!$B$4-C12*Configuração!$B$5 | E12: =SUMIFS(Obras!L:L,Obras!$C:$C,"B2C",Obras!$D:$D,"Confirmada") | F12: =SUMIFS(Obras!L:L,Obras!$C:$C,"B2B",Obras!$D:$D,"Confirmada") | G12: =IF(D12=0,0,(E12+F12)/D12) | H12: =SUMIFS(Obras!L:L,Obras!$D:$D,"Proposta") | I12: =D12-E12-F12 | J12: =IF(G12<Configuração!$B$6,"ACELERAR campanhas residenciais",IF(G12>Configuração!$B$7,"CHEIO — travar B2C, proteger B2B","Manter ritmo"))
A14: Média 8 semanas | G14: =AVERAGE(G5:G12) | J14: =IF(G14<Configuração!$B$6,"ACELERAR campanhas residenciais",IF(G14>Configuração!$B$7,"CHEIO — travar B2C, proteger B2B","Manter ritmo"))
A15: Próximas 4 semanas | G15: =AVERAGE(G5:G8) | J15: =IF(G15<Configuração!$B$6,"Lançar campanha de captação imediata ESTA semana","OK")
A17: Regra: vermelho = agenda com espaço → subir campanhas residenciais (inverno: interiores, entregas de apartamento). Verde = cheio → abrandar B2C e guardar capacidade para B2B. Sem quota fixa.

Sheet Configuração
A1: Configuração da equipa
A3: Pessoas na equipa (produtivas) | B3: 6
A4: Horas por pessoa por semana | B4: 42.5
A5: Horas por dia | B5: 8.5
A6: Abaixo deste valor: ACELERAR campanhas residenciais | B6: 0.6
A7: Acima deste valor: agenda CHEIA | B7: 0.85
A9: Células amarelas = preencher. O resto calcula sozinho.

Sheet Obras
A1: Obra | B1: Cliente | C1: Tipo | D1: Estado | E1: KW44 26.10 | F1: KW45 02.11 | G1: KW46 09.11 | H1: KW47 16.11 | I1: KW48 23.11 | J1: KW49 30.11 | K1: KW50 07.12 | L1: KW51 14.12 | M1: Total h
A2: EXEMPLO Pintura apartamento | B2: Família Müller | C2: B2C | D2: Confirmada | E2: 34 | F2: 34 | G2: 0 | H2: 0 | I2: 0 | J2: 0 | K2: 0 | L2: 0 | M2: =IF(COUNTA(A2)=0,"",SUM(E2:L2))
A3: EXEMPLO Entrega apartamento | B3: Verwaltung XY | C3: B2C | D3: Confirmada | E3: 0 | F3: 17 | G3: 0 | H3: 0 | I3: 0 | J3: 0 | K3: 0 | L3: 0 | M3: =IF(COUNTA(A3)=0,"",SUM(E3:L3))
A4: EXEMPLO Loja Zürich | B4: Marca retalho | C4: B2B | D4: Confirmada | E4: 85 | F4: 85 | G4: 85 | H4: 0 | I4: 0 | J4: 0 | K4: 0 | L4: 0 | M4: =IF(COUNTA(A4)=0,"",SUM(E4:L4))
A5: EXEMPLO Escritórios | B5: Arquiteto Z | C5: B2B | D5: Proposta | E5: 0 | F5: 0 | G5: 0 | H5: 120 | I5: 120 | J5: 0 | K5: 0 | L5: 0 | M5: =IF(COUNTA(A5)=0,"",SUM(E5:L5))
M6: =IF(COUNTA(A6)=0,"",SUM(E6:L6))
M7: =IF(COUNTA(A7)=0,"",SUM(E7:L7))
M8: =IF(COUNTA(A8)=0,"",SUM(E8:L8))
M9: =IF(COUNTA(A9)=0,"",SUM(E9:L9))
M10: =IF(COUNTA(A10)=0,"",SUM(E10:L10))
M11: =IF(COUNTA(A11)=0,"",SUM(E11:L11))
M12: =IF(COUNTA(A12)=0,"",SUM(E12:L12))
M13: =IF(COUNTA(A13)=0,"",SUM(E13:L13))
M14: =IF(COUNTA(A14)=0,"",SUM(E14:L14))
M15: =IF(COUNTA(A15)=0,"",SUM(E15:L15))
M16: =IF(COUNTA(A16)=0,"",SUM(E16:L16))
M17: =IF(COUNTA(A17)=0,"",SUM(E17:L17))
... M101: =IF(COUNTA(A101)=0,"",SUM(E101:L101))
